Time (min),Monomer Conversion,Polymer Wt Fraction,Side Product Wt Fraction,Mn (g/mol),Mw (g/mol),# Monomers,# Radical Chains RR,# Radical Chains BS,# Intact Chains,# Bonds,# Side Prods
0.000002,0.000000,0.999988,0.000000,1210016.040993,1816184.734118,1,2,2,99999,610325771,0
0.166667,0.003030,0.996047,0.000000,1205247.611211,1855167.429138,1849577,120,120,99940,607920214,0
0.333333,0.006046,0.993004,0.000000,1201565.113872,1885829.266845,3691011,106,106,99947,606062423,0
0.500000,0.009056,0.990084,0.000000,1198031.258101,1910813.199187,5528403,116,113,99942,604279634,9
0.666667,0.012050,0.987034,0.000000,1194340.739577,1933152.945003,7355775,110,110,99945,602417801,22
0.833333,0.015043,0.983992,0.000000,1190660.468904,1947721.839517,9182682,118,118,99941,600561146,42
1.000000,0.018038,0.981001,0.000000,1187040.729876,1963444.649755,11011262,118,118,99941,598735024,77
1.166667,0.021033,0.978032,0.000000,1183448.581089,1983977.835084,12839816,118,116,99941,596922821,118
1.333333,0.024024,0.974870,0.000001,1179621.935636,1991846.521105,14665282,134,134,99933,594992326,179
1.500000,0.026998,0.972103,0.000001,1176274.307802,1999046.838337,16480878,116,115,99942,593303471,252
1.666667,0.029992,0.969083,0.000001,1172620.235990,2009758.586462,18308616,110,110,99945,591460025,342
1.833333,0.032960,0.966045,0.000002,1168943.186091,2012817.458650,20120443,120,120,99940,589604996,461
2.000000,0.035926,0.963009,0.000002,1165269.793652,2020430.323982,21931028,128,127,99936,587751811,591
2.166667,0.038884,0.960291,0.000002,1161981.536495,2023448.703982,23736601,98,97,99951,586092901,755
2.333333,0.041839,0.957330,0.000003,1158398.273487,2025675.874832,25540651,114,113,99943,584285190,936
2.500000,0.044794,0.954279,0.000004,1154706.617659,2032643.631179,27344301,118,118,99941,582422789,1161
2.666667,0.047717,0.951207,0.000005,1150989.363222,2040044.263638,29129054,112,111,99944,580547468,1412
2.833334,0.050695,0.948219,0.000006,1147373.597478,2040290.678212,30946375,132,132,99934,578723362,1688
3.000000,0.053648,0.945487,0.000007,1144068.006160,2044063.464661,32749029,114,114,99943,577055714,2057
3.166667,0.056586,0.942373,0.000008,1140300.364978,2045669.457894,34542863,116,115,99942,575154978,2422
3.333333,0.059504,0.939642,0.000009,1136994.933492,2046226.791756,36324390,116,115,99942,573487421,2809
3.500000,0.062421,0.936465,0.000011,1133151.028245,2055093.860890,38104616,124,123,99938,571548214,3280
3.666667,0.065333,0.933811,0.000012,1129939.176969,2053590.658419,39882303,94,93,99953,569927850,3729
3.833333,0.068262,0.930619,0.000014,1126076.896481,2051208.102878,41670663,130,127,99935,567979389,4294
4.000000,0.071161,0.927882,0.000016,1122764.745160,2050571.974116,43440352,118,118,99941,566308435,4870
4.166667,0.074073,0.924896,0.000018,1119151.615689,2051205.792309,45217734,112,112,99944,564485644,5483
4.333333,0.076963,0.922157,0.000020,1115837.983063,2049377.433917,46982214,104,102,99948,562813945,6155
4.500000,0.079874,0.919048,0.000022,1112075.711537,2044235.488830,48758691,120,118,99940,560915926,6841
4.666667,0.082757,0.916297,0.000025,1108746.756505,2039012.244161,50518645,112,112,99944,559236497,7560
4.833333,0.085667,0.913392,0.000028,1105232.509559,2034818.750640,52295387,116,116,99942,557463597,8425
5.000000,0.088549,0.910768,0.000031,1102056.284542,2029729.563330,54054451,98,97,99951,555861213,9355
5.166667,0.091413,0.907735,0.000034,1098387.274747,2022673.861658,55802870,106,104,99947,554010239,10347
5.333333,0.094301,0.904849,0.000037,1094894.117329,2015105.649133,57565743,104,104,99948,552247975,11395
5.500000,0.097155,0.901690,0.000041,1091071.627346,2018220.007289,59307956,128,128,99936,550319581,12518
5.666667,0.100027,0.899134,0.000045,1087979.672199,2027653.878568,61061440,106,105,99947,548759708,13699
5.833333,0.102896,0.895906,0.000049,1084073.665404,2024963.420644,62812609,122,122,99939,546789176,14851
6.000000,0.105737,0.893245,0.000053,1080853.977643,2023039.048792,64546974,124,123,99938,545164877,16192
6.166667,0.108573,0.890491,0.000057,1077521.453572,2020099.615929,66278286,110,110,99945,543483644,17515
6.333333,0.111429,0.887596,0.000062,1074018.241834,2014169.308893,68021520,112,112,99944,541716310,18958
6.500000,0.114257,0.884863,0.000067,1070711.100011,2011775.326982,69747840,110,107,99945,540047889,20476
6.666667,0.117095,0.881883,0.000072,1067105.541040,2006186.096776,71480157,114,114,99943,538228923,22010
6.833334,0.119937,0.879340,0.000077,1064028.017087,1997744.087734,73215494,100,98,99950,536676335,23650
7.000000,0.122754,0.876313,0.000083,1060365.187491,1987427.903420,74934814,110,109,99945,534828480,25417
7.166667,0.125578,0.873650,0.000089,1057142.886535,1989797.332486,76658986,90,89,99955,533202850,27209
7.333333,0.128377,0.870460,0.000096,1053283.406595,1984556.232648,78367360,128,127,99936,531255803,29187
7.500000,0.131179,0.867785,0.000102,1050045.852008,1980282.564384,80077857,112,111,99944,529622480,31213
7.666667,0.133986,0.865002,0.000109,1046679.089751,1973241.065483,81791388,122,122,99939,527923988,33285
7.833333,0.136782,0.862178,0.000116,1043261.431269,1968998.455728,83498573,114,113,99943,526199809,35442
8.000000,0.139574,0.859400,0.000123,1039899.791440,1967821.017315,85202542,108,108,99946,524503892,37606
8.166667,0.142342,0.856686,0.000131,1036616.083186,1963627.857655,86892152,106,106,99947,522847293,39912
8.333333,0.145132,0.853952,0.000138,1033307.445280,1963098.535775,88595576,114,114,99943,521178123,42291
8.500000,0.147921,0.851009,0.000147,1029746.598917,1958701.041495,90298219,104,104,99948,519381706,44858
8.666667,0.150714,0.848127,0.000156,1026259.514058,1950016.931259,92002778,108,106,99946,517622509,47495
8.833333,0.153489,0.845440,0.000164,1023007.621794,1943955.811289,93697243,108,108,99946,515981962,50227
9.000000,0.156258,0.842730,0.000174,1019728.264168,1934195.130781,95387473,108,106,99946,514327559,53114
9.166667,0.159024,0.839708,0.000184,1016071.743791,1933920.514834,97075796,132,132,99934,512482895,56052
9.333334,0.161795,0.837132,0.000193,1012955.631271,1929391.662731,98767170,112,111,99944,510910836,59007
9.500000,0.164558,0.834496,0.000204,1009765.574161,1927243.803522,100454346,96,96,99952,509301475,62185
9.666667,0.167288,0.831544,0.000214,1006192.822459,1927620.386455,102120593,114,113,99943,507499068,65507
9.833333,0.170016,0.828747,0.000226,1002808.578100,1922581.395869,103786033,118,117,99941,505791753,68910
10.000000,0.172752,0.826065,0.000237,999563.569539,1918641.931804,105455900,108,108,99946,504154673,72407
10.166667,0.175476,0.823398,0.000249,996336.692516,1916041.454239,107119132,122,120,99939,502526754,75992
10.333333,0.178202,0.820786,0.000261,993175.657698,1912559.631273,108783331,100,99,99950,500932031,79722
10.500000,0.180913,0.817829,0.000274,989598.134840,1899767.664188,110438103,118,118,99941,499127217,83551
10.666667,0.183636,0.815398,0.000286,986656.167422,1899231.649472,112100427,92,91,99954,497643009,87437
10.833334,0.186348,0.812620,0.000300,983294.485844,1886552.643274,113755504,100,100,99950,495947079,91567
11.000000,0.189078,0.809731,0.000314,979799.070276,1879875.143805,115422563,114,114,99943,494183685,95804
11.166667,0.191769,0.807115,0.000328,976633.972303,1879124.733252,117064898,116,115,99942,492586926,100096
11.333333,0.194464,0.804264,0.000342,973183.957168,1873663.741418,118709903,116,115,99942,490846428,104453
11.500000,0.197157,0.801512,0.000357,969853.938651,1872554.042587,120354175,128,128,99936,489166474,109005
11.666667,0.199836,0.799079,0.000372,966910.313812,1868307.889498,121989562,104,104,99948,487681431,113756
11.833333,0.202525,0.796224,0.000388,963455.254757,1854256.573294,123630734,112,112,99944,485938393,118413
12.000000,0.205203,0.793613,0.000403,960295.737579,1847883.609766,125265917,108,107,99946,484344446,123231
12.166667,0.207886,0.790772,0.000420,956857.636846,1844378.806174,126903559,112,111,99944,482609961,128295
12.333334,0.210544,0.788008,0.000437,953513.395265,1835514.692477,128526189,116,116,99942,480922827,133429
12.500000,0.213197,0.785488,0.000454,950463.855110,1830591.459446,130145632,108,108,99946,479384360,138747
12.666667,0.215835,0.782656,0.000472,947037.887122,1825301.702444,131755920,114,114,99943,477655997,144162
12.833333,0.218473,0.780242,0.000490,944116.395406,1824285.326461,133366256,104,103,99948,476182128,149709
13.000000,0.221105,0.777758,0.000509,941110.714009,1819029.095338,134972971,92,92,99954,474665785,155485
13.166667,0.223726,0.775102,0.000528,937897.421304,1815929.404858,136573129,104,103,99948,473044718,161379
13.333333,0.226378,0.772330,0.000548,934543.029177,1807249.298209,138192041,106,106,99947,471352462,167364
13.500000,0.229018,0.769638,0.000568,931285.520262,1802197.820872,139803325,100,99,99950,469709078,173452
13.666667,0.231648,0.766984,0.000588,928073.809953,1798966.322302,141409282,108,107,99946,468088807,179728
13.833333,0.234268,0.764259,0.000609,924777.034735,1791788.769361,143008251,108,108,99946,466425617,186111
14.000000,0.236869,0.761841,0.000631,921850.596350,1784210.219480,144596394,92,92,99954,464949249,192628
14.166667,0.239486,0.759031,0.000652,918450.794783,1780576.055427,146193488,102,101,99949,463234089,199280
14.333333,0.242081,0.756256,0.000675,915092.738826,1776340.906351,147777917,122,121,99939,461539995,206123
14.500000,0.244669,0.754041,0.000698,912412.199624,1768995.890377,149357908,84,83,99958,460187668,213162
14.666667,0.247266,0.751176,0.000722,908946.002162,1761662.076872,150943145,108,107,99946,458439020,220397
14.833333,0.249867,0.748543,0.000745,905759.086893,1756243.823048,152530918,118,118,99941,456831259,227644
15.000000,0.252447,0.746259,0.000770,902996.132859,1746488.434354,154106061,86,85,99957,455437358,235249
15.166667,0.255024,0.743384,0.000795,899517.170631,1748098.338799,155678993,106,104,99947,453682268,242904
15.333333,0.257592,0.740883,0.000821,896491.191383,1740950.725510,157246803,108,108,99946,452155693,250767
15.500000,0.260138,0.738343,0.000847,893417.031825,1738496.850090,158800486,90,90,99955,450604800,258742
15.666667,0.262689,0.735670,0.000874,890183.056845,1729797.182110,160357821,102,102,99949,448973299,266826
15.833333,0.265254,0.733206,0.000900,887201.153619,1721555.810161,161923708,92,91,99954,447468953,275009
16.000000,0.267782,0.730594,0.000928,884040.620352,1714484.766514,163467092,96,95,99952,445874498,283458
16.166667,0.270330,0.727895,0.000956,880775.206476,1710309.419249,165022266,116,114,99942,444227141,291891
16.333333,0.272890,0.725303,0.000984,877638.779769,1701839.809910,166585106,100,99,99950,442644836,300563
16.500000,0.275430,0.722909,0.001013,874741.225100,1696802.189690,168135633,90,89,99955,441183043,309359
16.666667,0.277948,0.720253,0.001042,871527.798083,1691021.225570,169672609,112,109,99944,439561914,318345
16.833333,0.280463,0.717805,0.001073,868566.339391,1693192.895771,171208395,88,88,99956,438067874,327596
17.000000,0.282966,0.715301,0.001103,865536.179081,1684858.247333,172735764,94,94,99953,436539192,336935
17.166667,0.285471,0.712735,0.001134,862430.873269,1681770.184008,174264994,102,102,99949,434972601,346472
17.333333,0.287977,0.710088,0.001166,859227.463936,1674700.204973,175794879,100,100,99950,433356512,356095
17.500000,0.290470,0.707700,0.001198,856338.854334,1666968.623212,177316938,94,92,99953,431899234,365974
17.666667,0.292966,0.705274,0.001231,853403.317527,1661309.547783,178840477,92,90,99954,430418284,375962
17.833333,0.295451,0.702647,0.001265,850223.746609,1658658.894110,180357219,100,100,99950,428814227,386266
18.000000,0.297944,0.700034,0.001299,847061.732037,1645117.900043,181879265,108,107,99946,427219027,396702
18.166667,0.300420,0.697463,0.001333,843951.556685,1641789.110043,183390611,98,98,99951,425649969,407157
18.333333,0.302898,0.695109,0.001368,841102.437550,1635927.566933,184903284,98,98,99951,424212617,417950
18.500000,0.305360,0.692478,0.001404,837919.356334,1633125.533575,186406701,118,118,99941,422606796,428944
18.666667,0.307819,0.690231,0.001441,835200.601095,1626628.179215,187907736,88,88,99956,421235194,440180
18.833333,0.310262,0.687508,0.001478,831904.955785,1617458.589144,189398602,114,114,99943,419572589,451511
19.000000,0.312722,0.685144,0.001516,829045.402596,1614805.547636,190900691,86,86,99957,418129957,462911
19.166667,0.315177,0.682521,0.001554,825871.451393,1608824.842941,192399256,106,105,99947,416528742,474487
19.333333,0.317603,0.680239,0.001593,823110.166248,1603869.763938,193879965,88,85,99956,415135691,486437
19.500000,0.320064,0.677718,0.001632,820059.515158,1600624.803909,195382229,86,84,99957,413596667,498432
19.666667,0.322491,0.675151,0.001672,816952.608808,1589802.061125,196863857,100,98,99950,412029272,510536
19.833334,0.324899,0.672774,0.001713,814076.611644,1588731.465264,198333949,96,96,99952,410578358,523070
20.000000,0.327326,0.670101,0.001754,810842.387384,1589506.391593,199815799,118,118,99941,408946737,535643
20.166667,0.329752,0.667795,0.001795,808051.805447,1588411.294405,201296279,86,86,99957,407538898,548256
20.333334,0.332165,0.665348,0.001837,805091.786187,1578817.266425,202769350,86,85,99957,406045598,561149
20.500000,0.334569,0.662860,0.001881,802081.119133,1567572.279611,204237010,90,90,99955,404526749,574426
20.666667,0.336984,0.660430,0.001925,799139.986753,1561444.111657,205711068,100,98,99950,403042983,587814
20.833333,0.339384,0.657842,0.001969,796008.705891,1555208.605292,207176127,110,110,99945,401463289,601240
21.000000,0.341766,0.655727,0.002013,793449.364220,1552759.385639,208630353,86,86,99957,400172113,614848
21.166667,0.344176,0.653239,0.002059,790439.259509,1545282.411487,210101650,94,93,99953,398653550,628904
21.333334,0.346571,0.650521,0.002105,787149.648918,1542394.761764,211563545,114,113,99943,396993986,643013
21.500000,0.348981,0.648228,0.002152,784375.390274,1529901.590122,213034699,96,95,99952,395594390,657225
21.666667,0.351348,0.645844,0.002200,781490.764893,1527593.219981,214480011,90,89,99955,394139122,671933
21.833333,0.353713,0.643413,0.002248,778549.546500,1526648.959536,215923161,92,92,99954,392655308,686698
22.000000,0.356066,0.641064,0.002296,775706.652854,1519306.118927,217360036,96,94,99952,391221099,701363
22.166667,0.358408,0.638700,0.002346,772845.803183,1514051.492972,218789298,82,82,99959,389777821,716506
22.333334,0.360762,0.636440,0.002397,770111.108649,1509672.654221,220226561,68,67,99966,388398187,732070
22.500000,0.363115,0.633794,0.002448,766910.002687,1502053.650897,221662948,92,89,99954,386783275,747662
22.666667,0.365487,0.631463,0.002500,764089.173989,1496593.408778,223110798,102,102,99949,385360201,763430
22.833333,0.367809,0.629029,0.002552,761143.600100,1487853.744597,224528251,108,106,99946,383874192,779440
23.000000,0.370145,0.626621,0.002605,758230.946713,1477831.524959,225954107,100,100,99950,382404783,795670
23.166667,0.372484,0.624297,0.002659,755418.829005,1470841.462394,227382359,102,100,99949,380986099,811988
23.333334,0.374795,0.622082,0.002713,752737.674896,1468522.595968,228792998,80,79,99960,379633471,828602
23.500000,0.377104,0.619550,0.002768,749673.943747,1463740.736897,230202246,88,88,99956,378087854,845357
23.666667,0.379403,0.617195,0.002824,746824.836860,1462760.458205,231605576,112,111,99944,376650522,862456
23.833333,0.381704,0.614734,0.002879,743846.818746,1453987.398845,233010229,102,100,99949,375148136,879426
24.000000,0.383985,0.612603,0.002936,741268.535650,1454332.594108,234402938,88,87,99956,373847410,896814
24.166667,0.386270,0.610131,0.002994,738277.174800,1442906.830384,235797705,108,105,99946,372338310,914342
24.333333,0.388544,0.607766,0.003053,735415.570089,1439203.762551,237185867,106,105,99947,370894658,932342
24.500000,0.390817,0.605535,0.003111,732715.590425,1435443.344689,238573707,88,87,99956,369532535,950246
24.666667,0.393088,0.603306,0.003170,730018.602379,1433278.843154,239959997,80,80,99960,368171927,968276
24.833333,0.395367,0.600892,0.003231,727096.968723,1426460.927568,241350793,78,78,99961,366697991,986842
25.000000,0.397619,0.598536,0.003292,724247.046073,1424247.350955,242725927,96,94,99952,365260244,1005384
25.166667,0.399867,0.596189,0.003353,721407.280516,1418912.750231,244097838,112,108,99944,363827620,1024156
25.333333,0.402118,0.593803,0.003415,718519.368648,1411620.636498,245472238,106,104,99947,362370694,1043151
25.500000,0.404360,0.591587,0.003479,715837.791127,1409885.820104,246840629,92,90,99954,361017857,1062546
25.666667,0.406608,0.589297,0.003543,713067.310132,1407364.632401,248213294,90,90,99955,359620176,1081991
25.833333,0.408873,0.586973,0.003608,710255.625624,1400643.824514,249595947,98,97,99951,358201714,1101896
26.000001,0.411094,0.584767,0.003672,707585.521679,1395902.753035,250951653,80,79,99960,356854663,1121466
26.166667,0.413320,0.582362,0.003737,704675.776533,1393149.067582,252310175,96,95,99952,355386735,1141411
26.333333,0.415528,0.580136,0.003804,701982.034429,1387108.219962,253658317,94,92,99953,354027768,1161793
26.500000,0.417729,0.578017,0.003872,699417.877870,1381275.000461,255001946,84,83,99958,352734171,1182500
26.666667,0.419936,0.575569,0.003940,696456.485246,1375697.835573,256349350,82,80,99959,351240177,1203361
26.833333,0.422156,0.573173,0.004008,693556.079024,1371664.432001,257704057,106,106,99947,349776965,1224133
27.000000,0.424338,0.571078,0.004077,691021.486500,1368848.456235,259036596,86,85,99957,348498277,1245099
27.166667,0.426545,0.568784,0.004147,688246.347513,1364764.999787,260383756,96,93,99952,347098253,1266491
27.333333,0.428737,0.566649,0.004217,685662.509212,1356305.504184,261721473,76,74,99962,345794721,1287945
27.500000,0.430927,0.564200,0.004288,682699.084587,1346772.279092,263058355,102,100,99949,344299718,1309782
27.666667,0.433077,0.562083,0.004360,680137.041053,1343672.566412,264370803,92,90,99954,343007187,1331625
27.833333,0.435236,0.559912,0.004433,677510.914799,1335458.624653,265689056,70,70,99965,341682320,1354011
28.000000,0.437417,0.557650,0.004506,674773.515997,1329582.074804,267020149,86,86,99957,340301339,1376354
28.166667,0.439585,0.555390,0.004580,672038.572061,1321764.991398,268343677,96,94,99952,338921593,1398985
28.333333,0.441726,0.553209,0.004655,669399.443654,1317790.120422,269650554,80,79,99960,337590170,1421877
28.500000,0.443857,0.550875,0.004732,666575.666044,1314760.646231,270951604,86,86,99957,336165606,1445271
28.666667,0.446008,0.548631,0.004809,663859.864213,1305003.210514,272264937,96,96,99952,334795517,1468735
28.833333,0.448153,0.546489,0.004886,661268.240310,1298015.531421,273574024,86,85,99957,333488063,1492434
29.000000,0.450263,0.544248,0.004965,658557.010034,1292546.787852,274862293,92,92,99954,332120278,1516440
29.166667,0.452429,0.542040,0.005044,655884.892775,1287255.157412,276184706,70,68,99965,330772209,1540468
29.333333,0.454556,0.539901,0.005124,653296.085809,1285052.577413,277482630,98,96,99951,329466198,1564876
29.500000,0.456662,0.537685,0.005204,650614.877278,1281224.675072,278768367,82,81,99959,328113546,1589550
29.666667,0.458784,0.535483,0.005286,647950.551801,1273955.337897,280063654,88,87,99956,326769424,1614365
29.833333,0.460909,0.533300,0.005368,645309.356438,1274062.332408,281360756,82,80,99959,325436964,1639442
30.000000,0.463036,0.530935,0.005451,642447.232267,1265089.561368,282659263,94,92,99953,323993058,1664999
30.166667,0.465123,0.528765,0.005536,639821.274553,1260275.253780,283933157,98,97,99951,322668291,1690705
30.333333,0.467222,0.526650,0.005620,637262.688756,1257637.938018,285214742,96,94,99952,321377509,1716447
30.500000,0.469311,0.524529,0.005704,634695.832140,1253201.648488,286489887,88,88,99956,320082551,1742137
30.666667,0.471380,0.522412,0.005789,632134.602088,1248267.429471,287753272,86,85,99957,318790435,1768135
30.833333,0.473467,0.520163,0.005875,629412.724513,1242671.560746,289027086,98,97,99951,317417282,1794453
31.000000,0.475536,0.518114,0.005963,626933.086078,1237384.051412,290289825,94,92,99953,316166327,1821172
31.166667,0.477590,0.515889,0.006051,624240.925770,1232747.685732,291543908,92,89,99954,314808158,1848165
31.333334,0.479649,0.513753,0.006140,621656.559178,1228497.795701,292801039,92,89,99954,313504371,1875313
31.500000,0.481706,0.511652,0.006230,619114.779676,1224354.821202,294056329,82,82,99959,312222063,1902696
31.666667,0.483749,0.509566,0.006321,616589.788204,1218933.313648,295303376,80,79,99960,310948229,1930459
31.833333,0.485799,0.507340,0.006411,613897.001396,1215419.214898,296554892,92,91,99954,309589752,1958219
32.000000,0.487839,0.505344,0.006502,611481.357810,1208672.224310,297800505,78,76,99961,308371076,1985900
32.166667,0.489875,0.503154,0.006594,608832.081974,1204893.559433,299043423,92,90,99954,307034551,2014042
32.333333,0.491911,0.500877,0.006688,606076.736032,1200342.469191,300286106,110,108,99945,305644517,2042719
32.500000,0.493930,0.498862,0.006782,603637.788145,1195342.986373,301518565,80,78,99960,304414075,2071428
32.666667,0.495959,0.496766,0.006877,601101.612198,1187979.549514,302757417,84,83,99958,303134602,2100345
32.833333,0.497956,0.494651,0.006971,598542.632121,1182727.700657,303976409,94,93,99953,301843628,2129139
33.000000,0.499963,0.492572,0.007068,596027.268017,1179240.519017,305201407,80,76,99960,300574644,2158661
33.166667,0.501966,0.490422,0.007165,593425.446350,1171900.765582,306424446,92,92,99954,299262058,2188420
33.333334,0.503943,0.488414,0.007264,590995.540834,1165476.777061,307630814,78,77,99961,298036187,2218488
33.500000,0.505929,0.486256,0.007362,588384.774100,1158741.448416,308843311,86,81,99957,296719086,2248496
33.666667,0.507889,0.484261,0.007461,585970.838569,1154015.045011,310040032,76,75,99962,295501274,2278738
33.833333,0.509889,0.482151,0.007561,583417.348105,1149523.348182,311260663,80,78,99960,294213066,2309461
34.000000,0.511854,0.480168,0.007662,581017.836141,1145511.273485,312460462,76,76,99962,293002534,2340211
34.166667,0.513824,0.478103,0.007764,578519.530727,1139839.467584,313662649,76,74,99962,291742164,2371225
34.333334,0.515802,0.475944,0.007866,575907.082308,1134417.254705,314870283,76,75,99962,290424210,2402517
34.500000,0.517747,0.473838,0.007970,573357.939588,1128812.235088,316057843,88,86,99956,289138200,2434149
34.666667,0.519703,0.471911,0.008074,571026.687087,1126150.074345,317251656,68,66,99966,287962095,2465908
34.833333,0.521655,0.469730,0.008179,568387.836119,1122213.024208,318443071,92,92,99954,286630835,2497929
35.000000,0.523587,0.467785,0.008283,566033.646078,1117604.288645,319622992,82,80,99959,285443164,2529948
35.166667,0.525552,0.465564,0.008391,563346.148559,1113508.715188,320822336,102,100,99949,284087360,2562957
35.333333,0.527488,0.463691,0.008498,561080.002620,1109693.702643,322004309,74,73,99963,282944096,2595601
35.500000,0.529418,0.461626,0.008606,558581.738532,1106677.949986,323182044,76,75,99962,281683748,2628395
35.666667,0.531343,0.459594,0.008714,556123.043119,1100184.366930,324357264,78,76,99961,280443362,2661599
35.833333,0.533255,0.457547,0.008824,553646.087380,1097339.624421,325524604,82,82,99959,279193765,2695048
36.000000,0.535154,0.455528,0.008934,551202.558682,1089976.454016,326683781,78,76,99961,277961027,2728796
36.166667,0.537056,0.453423,0.009046,548655.244330,1086821.546102,327844722,98,97,99951,276675944,2763009
36.333333,0.538954,0.451510,0.009158,546340.992433,1082176.868202,329003646,96,92,99952,275508426,2797017
36.500000,0.540830,0.449516,0.009271,543927.623032,1076889.216405,330148499,78,75,99961,274290895,2831447
36.666667,0.542727,0.447447,0.009383,541423.900744,1070211.073875,331306779,88,87,99956,273027798,2865815
36.833333,0.544613,0.445513,0.009498,539084.037566,1064364.566093,332457969,68,67,99966,271847349,2900884
37.000000,0.546514,0.443594,0.009613,536761.868462,1060807.311607,333618559,68,66,99966,270675838,2936138
37.166667,0.548376,0.441608,0.009729,534358.717055,1056010.279743,334755140,78,73,99961,269463478,2971537
37.333333,0.550232,0.439559,0.009846,531879.431929,1053794.721257,335888080,84,84,99958,268212707,3007067
37.500000,0.552101,0.437536,0.009963,529431.404718,1048130.177162,337029204,86,85,99957,266977703,3042840
37.666667,0.553936,0.435650,0.010081,527149.724756,1045352.838421,338148964,68,68,99966,265826608,3079132
37.833333,0.555807,0.433590,0.010201,524657.242320,1040398.692202,339291059,86,86,99957,264569186,3115492
38.000000,0.557653,0.431728,0.010322,522404.175114,1039218.238189,340418048,70,69,99965,263432527,3152593
38.166667,0.559490,0.429790,0.010442,520059.511403,1032434.045935,341539915,74,73,99963,262249670,3189178
38.333334,0.561325,0.427761,0.010563,517604.255586,1029265.456233,342659866,86,86,99957,261011025,3226289
38.500000,0.563127,0.425890,0.010685,515340.010932,1021772.812836,343759752,82,80,99959,259868734,3263365
38.666667,0.564939,0.423927,0.010808,512963.903404,1016639.924466,344865809,74,71,99963,258670007,3301031
38.833333,0.566753,0.422044,0.010931,510686.033886,1012514.311677,345973272,78,76,99961,257520847,3338662
39.000000,0.568567,0.420045,0.011056,508267.242142,1009875.215144,347080581,80,76,99960,256300592,3376747
39.166667,0.570364,0.418116,0.011182,505932.792708,1004428.549499,348177522,84,83,99958,255122888,3415215
39.333333,0.572166,0.416130,0.011307,503529.846069,1000713.044120,349277876,90,86,99955,253910629,3453476
39.500000,0.573912,0.414325,0.011435,501345.471402,995355.366031,350343294,78,77,99961,252808627,3492483
39.666667,0.575698,0.412402,0.011563,499018.744318,990342.185395,351433864,84,83,99958,251634820,3531652
39.833334,0.577485,0.410557,0.011692,496786.866529,987027.240205,352524864,70,68,99965,250508852,3571089
40.000000,0.579277,0.408570,0.011822,494382.453842,981330.183488,353618617,84,83,99958,249295858,3610690
40.166667,0.581040,0.406692,0.011953,492109.609501,974970.729226,354694641,86,83,99957,248149232,3650736
40.333333,0.582811,0.404734,0.012083,489740.697661,967288.133280,355775887,76,73,99962,246954134,3690585
40.500000,0.584561,0.402953,0.012216,487585.442893,963447.998550,356844403,68,64,99966,245866825,3730912
40.666667,0.586307,0.401079,0.012348,485318.276777,958760.195882,357909734,62,60,99969,244723059,3771502
40.833333,0.588053,0.399241,0.012481,483093.793551,953603.470526,358975971,68,68,99966,243600833,3811995
41.000000,0.589794,0.397203,0.012615,480627.145729,947057.963972,360038638,82,81,99959,242356442,3852899
41.166667,0.591533,0.395417,0.012750,478467.043881,944303.363379,361100386,78,76,99961,241266690,3894185
41.333333,0.593278,0.393487,0.012886,476130.738027,939911.978889,362165525,76,74,99962,240088046,3935635
41.500000,0.595005,0.391626,0.013022,473879.401938,937961.988332,363219968,82,77,99959,238952273,3977283
41.666667,0.596727,0.389837,0.013159,471715.168105,933888.544234,364270763,72,71,99964,237860433,4019123
41.833334,0.598451,0.387939,0.013298,469417.962226,928084.084443,365323426,76,75,99962,236701518,4061509
42.000000,0.600137,0.386205,0.013436,467319.733971,924216.244680,366352467,64,62,99968,235642976,4103627
42.166667,0.601842,0.384366,0.013576,465094.838748,920355.406768,367393311,68,66,99966,234520541,4146387
42.333333,0.603545,0.382509,0.013717,462846.934448,914621.249754,368432712,70,69,99965,233386497,4189579
42.500000,0.605236,0.380613,0.013858,460553.118910,909746.378109,369464939,82,80,99959,232229297,4232527
42.666667,0.606934,0.378800,0.014000,458360.029768,905330.861717,370501848,88,86,99956,231122909,4275942
42.833334,0.608627,0.377033,0.014144,456220.835209,903636.755245,371535434,64,62,99968,230043693,4319911
43.000000,0.610289,0.375125,0.014287,453912.181700,899128.279337,372549976,84,83,99958,228879012,4363518
43.166667,0.611933,0.373371,0.014431,451790.046433,896309.954054,373553115,70,70,99965,227808408,4407460
43.333333,0.613590,0.371528,0.014576,449559.971721,889191.342235,374565162,74,74,99963,226683360,4451741
43.500000,0.615237,0.369715,0.014721,447366.479289,886461.296136,375570054,86,83,99957,225576772,4496275
43.666667,0.616878,0.368017,0.014868,445311.580246,883220.824508,376571949,72,71,99964,224540088,4541186
43.833333,0.618541,0.366204,0.015014,443117.930264,878513.950046,377587369,64,61,99968,223433409,4585738
44.000000,0.620179,0.364465,0.015163,441013.354882,874878.639397,378586849,66,65,99967,222371673,4631079
44.166667,0.621806,0.362546,0.015312,438691.882008,868987.927995,379580575,76,73,99962,221200519,4676637
44.333334,0.623450,0.360790,0.015463,436567.036648,866580.549641,380583890,78,76,99961,220128557,4722742
44.500000,0.625079,0.359043,0.015613,434452.674065,861799.965427,381578605,74,72,99963,219061880,4768705
44.666667,0.626701,0.357249,0.015766,432282.497774,858373.337811,382568364,76,74,99962,217967049,4815215
44.833333,0.628306,0.355499,0.015916,430164.662376,853618.275801,383548089,72,71,99964,216898620,4861188
45.000000,0.629910,0.353759,0.016070,428059.021650,851552.854159,384527371,80,78,99960,215836350,4908205
45.166667,0.631526,0.352004,0.016223,425935.064918,849300.105793,385514139,78,75,99961,214764834,4955018
45.333334,0.633102,0.350294,0.016378,423866.133402,844877.004485,386476206,54,52,99973,213721065,5002273
45.500000,0.634736,0.348446,0.016534,421630.007512,840900.527551,387473250,68,66,99966,212592970,5049744
45.666667,0.636327,0.346693,0.016691,419508.506301,837636.767924,388444789,82,82,99959,211522702,5097797
45.833334,0.637897,0.345037,0.016848,417505.642291,837498.782775,389403240,66,61,99967,210512268,5145770
46.000000,0.639460,0.343287,0.017006,415387.680032,830573.341989,390357239,62,61,99969,209443775,5194165
46.166667,0.641041,0.341574,0.017165,413314.409234,825910.539107,391322209,66,64,99967,208397833,5242527
46.333334,0.642623,0.339831,0.017324,411206.079865,819240.092379,392288051,66,63,99967,207334202,5291067
46.500000,0.644173,0.338119,0.017483,409134.016828,815349.000699,393234164,66,63,99967,206288867,5339854
46.666667,0.645722,0.336430,0.017644,407090.333851,812733.393147,394179809,60,60,99970,205257846,5388956
46.833333,0.647259,0.334685,0.017806,404978.414896,808480.693138,395118275,72,70,99964,204192411,5438371
47.000000,0.648791,0.333021,0.017969,402965.512423,805612.224683,396053462,60,59,99970,203176915,5488020
47.166667,0.650322,0.331307,0.018132,400890.916134,800453.343992,396987950,60,59,99970,202130302,5538065
47.333334,0.651851,0.329613,0.018297,398841.473362,795034.279610,397921210,64,63,99968,201096381,5588488
47.500000,0.653365,0.327960,0.018462,396841.311445,791070.904280,398845197,72,70,99964,200087324,5638720
47.666667,0.654868,0.326366,0.018628,394912.517983,787243.063052,399763042,58,58,99971,199114259,5689353
47.833334,0.656417,0.324581,0.018793,392753.050315,783297.456079,400708330,68,65,99966,198024835,5739840
48.000000,0.657939,0.322849,0.018962,390657.399399,779368.760294,401637858,66,64,99967,196967599,5791324
48.166667,0.659462,0.321136,0.019130,388584.578382,774705.102441,402567240,58,56,99971,195921877,5842728
48.333333,0.660962,0.319521,0.019298,386629.666003,770973.013890,403483026,80,79,99960,194935656,5894068
48.500000,0.662449,0.317900,0.019468,384669.109591,767835.809351,404390867,54,52,99973,193946560,5946001
48.666667,0.663923,0.316264,0.019637,382689.440860,763379.986383,405290438,54,54,99973,192947837,5997759
48.833333,0.665383,0.314514,0.019808,380571.857256,759648.860909,406182072,76,72,99962,191879550,6049706
49.000000,0.666858,0.312943,0.019979,378670.021413,755475.877136,407082040,64,63,99968,190920086,6102128
49.166667,0.668320,0.311264,0.020152,376638.784246,752286.583950,407974667,74,73,99963,189895353,6155040
49.333334,0.669787,0.309632,0.020327,374664.633659,749819.401651,408870427,76,74,99962,188899415,6208273
49.500000,0.671241,0.308079,0.020499,372784.360311,746467.026181,409757806,50,50,99975,187950821,6260944
49.666667,0.672706,0.306439,0.020673,370800.766879,743651.639560,410651854,76,72,99962,186950133,6314091
49.833333,0.674171,0.304743,0.020848,368747.878264,737857.782853,411546311,72,71,99964,185914469,6367475
50.000000,0.675612,0.303155,0.021025,366826.237058,733549.837691,412425939,68,66,99966,184945018,6421429
50.166667,0.677050,0.301480,0.021201,364799.920135,728977.247300,413303638,62,61,99969,183922758,6475340
50.333334,0.678470,0.299985,0.021380,362990.441715,725847.592382,414170966,58,56,99971,183009892,6529853
50.500000,0.679910,0.298363,0.021558,361028.815447,722687.619579,415049511,68,63,99966,182020277,6584376
50.666667,0.681313,0.296714,0.021739,359033.343539,717733.426201,415906544,62,60,99969,181013578,6639554
50.833333,0.682725,0.295167,0.021919,357161.606979,714426.043080,416768350,66,65,99967,180069308,6694573
51.000000,0.684136,0.293535,0.022100,355186.295903,709930.882518,417629648,74,72,99963,179072788,6749918
51.166667,0.685554,0.291956,0.022280,353275.912690,706076.366710,418494974,76,72,99962,178109020,6804984
51.333334,0.686961,0.290396,0.022462,351387.895064,702552.443966,419354120,62,55,99969,177156526,6860469
51.500000,0.688342,0.288795,0.022646,349450.913489,698833.312993,420197355,72,68,99964,176179344,6916534
51.666667,0.689751,0.287201,0.022828,347521.737339,693890.303635,421056916,72,69,99964,175206094,6972243
51.833334,0.691151,0.285680,0.023012,345681.636035,689652.617071,421911752,54,52,99973,174277771,7028516
52.000000,0.692521,0.284129,0.023198,343804.092408,687754.840406,422748339,66,63,99967,173330576,7085293
52.166667,0.693905,0.282477,0.023384,341805.685640,684678.727020,423592848,68,67,99966,172322401,7142047
52.333334,0.695276,0.280970,0.023570,339981.819935,680811.841893,424429862,54,53,99973,171402271,7198835
52.500000,0.696639,0.279445,0.023757,338136.917620,676193.404779,425262127,50,49,99975,170471534,7255983
52.666667,0.697995,0.277859,0.023946,336218.291695,672497.900648,426090032,70,67,99965,169503618,7313602
52.833333,0.699341,0.276334,0.024136,334372.262587,669645.773884,426911295,72,69,99964,168572316,7371628
53.000000,0.700709,0.274807,0.024326,332524.701185,666371.245887,427746580,48,48,99976,167640226,7429678
53.166667,0.702038,0.273292,0.024517,330691.181619,662697.338780,428557591,64,64,99968,166715243,7488045
53.333333,0.703395,0.271719,0.024707,328788.769133,658104.025273,429386225,64,62,99968,165755495,7546162
53.500000,0.704729,0.270221,0.024900,326975.794414,654860.001767,430200633,58,55,99971,164840864,7605115
53.666667,0.706054,0.268688,0.025091,325120.979895,651570.055605,431009561,62,59,99969,163905131,7663343
53.833333,0.707357,0.267241,0.025284,323369.188964,647901.297476,431804852,48,46,99976,163021362,7722492
54.000000,0.708689,0.265655,0.025479,321451.060571,643507.978550,432617718,68,67,99966,162053697,7782018
54.166667,0.710001,0.264132,0.025674,319607.859284,639955.347370,433418838,62,58,99969,161123817,7841560
54.333333,0.711303,0.262686,0.025870,317857.530616,636335.151149,434213708,52,48,99974,160240788,7901386
54.500000,0.712581,0.261162,0.026067,316014.492224,633030.651832,434993610,70,69,99965,159311004,7961531
54.666667,0.713875,0.259654,0.026263,314189.133498,630299.015818,435783602,72,67,99964,158390130,8021312
54.833334,0.715170,0.258222,0.026460,312456.844531,627690.595942,436574371,64,61,99968,157516203,8081507
55.000000,0.716441,0.256776,0.026657,310706.833793,624112.095533,437349949,62,62,99969,156633339,8141785
55.166667,0.717713,0.255284,0.026856,308900.774969,620410.654859,438126392,56,54,99972,155722197,8202454
55.333333,0.718968,0.253834,0.027055,307147.191405,617993.917049,438892656,60,55,99970,154837534,8263245
55.500000,0.720242,0.252379,0.027255,305385.812573,613515.217358,439670211,46,44,99977,153948928,8324264
55.666667,0.721503,0.250847,0.027456,303532.757823,609406.777829,440440430,66,63,99967,153014092,8385580
55.833333,0.722752,0.249409,0.027656,301792.703075,606448.073706,441202620,68,65,99966,152136253,8446887
56.000000,0.724003,0.247944,0.027859,300019.730231,603095.301587,441966244,68,67,99966,151241806,8508745
56.166667,0.725216,0.246515,0.028061,298290.414741,600535.501427,442706850,72,71,99964,150369386,8570430
56.333333,0.726453,0.245120,0.028265,296602.774651,597461.365413,443461565,52,52,99974,149517977,8632913
56.500000,0.727687,0.243650,0.028471,294823.274902,593365.182740,444214892,62,57,99969,148620243,8695768
56.666667,0.728912,0.242323,0.028677,293217.771233,589903.263303,444962704,42,38,99979,147810271,8758690
56.833334,0.730122,0.240880,0.028883,291471.542109,586674.941146,445701876,56,53,99972,146929324,8821639
57.000000,0.731350,0.239411,0.029090,289694.297023,583447.865615,446451358,60,56,99970,146032724,8884850
57.166667,0.732544,0.237977,0.029299,287959.115601,580145.373592,447179855,68,65,99966,145157347,8948541
57.333333,0.733750,0.236528,0.029507,286205.569699,577093.901040,447916363,72,71,99964,144272703,9012156
57.500000,0.734943,0.235222,0.029715,284625.962270,573600.543689,448644699,60,56,99970,143475800,9075736
57.666667,0.736116,0.233827,0.029924,282937.582696,570189.581398,449360620,54,52,99973,142624026,9139642
57.833334,0.737282,0.232394,0.030135,281203.523200,566512.986211,450072301,62,61,99969,141749215,9204070
58.000000,0.738460,0.231058,0.030347,279587.247532,563121.155585,450791474,60,57,99970,140933819,9268786
58.166667,0.739640,0.229652,0.030558,277885.530814,559865.402351,451512087,60,59,99970,140075320,9333268
58.333334,0.740816,0.228285,0.030771,276231.704172,556546.124800,452229825,46,45,99977,139240973,9398318
58.500000,0.741963,0.226865,0.030984,274513.419501,553672.984556,452929977,64,63,99968,138374126,9463388
58.666667,0.743132,0.225499,0.031197,272860.990186,548939.926336,453643501,64,62,99968,137540492,9528449
58.833333,0.744291,0.224167,0.031411,271249.413713,545867.195200,454351344,66,61,99967,136727469,9593773
59.000000,0.745435,0.222825,0.031626,269625.251118,542770.622652,455049321,36,36,99982,135908078,9659247
59.166667,0.746566,0.221465,0.031841,267979.599122,539173.354641,455739604,48,48,99976,135077870,9725072
59.333334,0.747687,0.220109,0.032057,266339.069733,535970.326058,456424427,56,52,99972,134250244,9790854
59.500000,0.748826,0.218775,0.032274,264724.900842,532803.439408,457119587,56,54,99972,133435912,9857175
59.666667,0.749953,0.217429,0.032490,263096.048416,529582.683377,457807269,52,48,99974,132614170,9923228
59.833333,0.751065,0.216103,0.032707,261490.692086,527154.437430,458486286,54,48,99973,131804285,9989497
60.000000,0.752201,0.214731,0.032925,259830.478070,524513.931539,459179655,58,56,99971,130966726,10056125
60.166667,0.753319,0.213393,0.033145,258211.516521,520776.523818,459862079,56,52,99972,130149975,10123282
60.333334,0.754426,0.212088,0.033364,256632.947464,517692.363832,460538151,46,41,99977,129353597,10190311
60.500000,0.755548,0.210732,0.033584,254991.697634,514915.551487,461223014,60,55,99970,128525611,10257411
60.666667,0.756636,0.209429,0.033806,253415.786106,512435.757758,461887135,54,53,99973,127730576,10325119
60.833333,0.757713,0.208148,0.034028,251865.220067,508936.306067,462544775,54,49,99973,126948331,10393068
61.000000,0.758810,0.206785,0.034250,250215.575620,506122.076933,463213994,68,64,99966,126116110,10460748
61.166667,0.759858,0.205517,0.034475,248682.294488,501996.857431,463853782,54,51,99973,125342577,10529501
61.333333,0.760915,0.204266,0.034698,247168.601935,498432.734045,464499374,50,49,99975,124578932,10597710
61.500000,0.761978,0.202936,0.034924,245558.865422,494884.856304,465147909,62,57,99969,123766843,10666514
61.666667,0.763049,0.201625,0.035150,243971.830867,490894.851918,465801647,62,59,99969,122966200,10735706
61.833333,0.764124,0.200360,0.035375,242441.397254,487817.818525,466457831,54,53,99973,122194107,10804423
62.000000,0.765172,0.199113,0.035602,240932.546915,484963.298563,467098044,52,51,99974,121432906,10873693
62.166667,0.766221,0.197858,0.035827,239413.760108,481890.543295,467738353,48,45,99976,120666691,10942353
62.333333,0.767261,0.196514,0.036054,237788.283546,478599.983709,468372836,56,52,99972,119846659,11011901
62.500000,0.768301,0.195307,0.036282,236327.876493,475608.115638,469007843,52,51,99974,119109896,11081476
62.666667,0.769331,0.194057,0.036511,234814.739257,472474.885093,469636960,46,46,99977,118346530,11151427
62.833333,0.770347,0.192794,0.036741,233286.500117,469544.470684,470257027,50,47,99975,117575551,11221560
63.000000,0.771351,0.191560,0.036970,231792.971582,466320.199713,470869873,52,51,99974,116822082,11291435
63.166667,0.772364,0.190320,0.037200,230292.745795,463525.043652,471488003,50,46,99975,116065232,11361637
63.333334,0.773369,0.189089,0.037430,228802.946681,460737.760887,472101830,46,39,99977,115313641,11431999
63.500000,0.774379,0.187854,0.037662,227309.231820,457907.662821,472718199,48,45,99976,114560078,11502744
63.666667,0.775380,0.186608,0.037896,225801.702705,455733.114569,473329062,52,50,99974,113799547,11574276
63.833333,0.776380,0.185350,0.038130,224278.756819,452878.076785,473939861,64,58,99968,113031243,11645732
64.000000,0.777358,0.184151,0.038363,222828.373875,450657.524389,474536533,46,46,99977,112299529,11716941
64.166667,0.778315,0.182980,0.038597,221411.289662,448080.732543,475121132,56,51,99972,111584630,11788313
64.333333,0.779292,0.181775,0.038830,219952.672359,444893.952083,475717543,40,37,99980,110848763,11859670
64.500001,0.780259,0.180593,0.039066,218522.748958,442363.032744,476307643,40,33,99980,110127381,11931686
64.666667,0.781192,0.179403,0.039302,217082.993244,438839.384277,476877042,44,43,99978,109401041,12003662
64.833334,0.782163,0.178213,0.039537,215643.500384,435840.161804,477469669,40,39,99980,108674829,12075645
65.000001,0.783129,0.176998,0.039773,214172.688640,432968.275289,478059670,50,47,99975,107932825,12147495
65.166667,0.784070,0.175771,0.040011,212687.825381,429725.846727,478634146,58,54,99971,107183731,12220235
65.333333,0.785022,0.174623,0.040248,211298.866249,427333.642112,479215019,44,43,99978,106483007,12292655
65.500000,0.785972,0.173417,0.040485,209839.546399,424689.678379,479795350,60,57,99970,105746804,12365127
65.666667,0.786921,0.172252,0.040726,208430.659910,421584.685083,480374152,48,42,99976,105036028,12438562
65.833333,0.787848,0.171083,0.040965,207016.074773,418691.197254,480940558,48,44,99976,104322384,12511608
66.000000,0.788751,0.169958,0.041205,205653.905251,416480.463888,481491305,46,42,99977,103635182,12585024
66.166667,0.789665,0.168755,0.041447,204199.172335,413740.880285,482049720,48,47,99976,102901285,12658812
66.333333,0.790579,0.167626,0.041686,202832.158317,411003.238421,482607769,46,43,99977,102211639,12732016
66.500000,0.791462,0.166502,0.041930,201472.204594,408168.387201,483146251,46,41,99977,101525556,12806320
66.666667,0.792391,0.165319,0.042174,200041.116439,405139.556723,483713870,54,48,99973,100803591,12880933
66.833334,0.793286,0.164192,0.042416,198676.942613,402359.610977,484259924,54,50,99973,100115379,12955022
67.000000,0.794173,0.163064,0.042661,197312.397035,399472.111680,484801680,48,47,99976,99426976,13029643
67.166667,0.795066,0.161947,0.042906,195960.584810,397183.965920,485346469,44,38,99978,98744998,13104671
67.333334,0.795943,0.160803,0.043152,194576.954009,394611.940841,485882149,42,40,99979,98046969,13179613
67.500000,0.796809,0.159698,0.043397,193239.597065,391842.300171,486410296,44,43,99978,97372287,13254593
67.666667,0.797673,0.158618,0.043643,191932.469574,389235.362950,486938093,40,38,99980,96712852,13329578
67.833334,0.798508,0.157501,0.043889,190580.419662,386457.395255,487447418,48,43,99976,96030761,13404697
68.000000,0.799373,0.156393,0.044135,189240.084375,384324.397071,487975887,44,41,99978,95354573,13479913
68.166667,0.800225,0.155304,0.044383,187922.995904,381847.388030,488495711,56,48,99972,94690122,13555652
68.333333,0.801093,0.154155,0.044631,186532.103703,378595.989241,489025953,58,51,99971,93988432,13631389
68.500000,0.801960,0.153071,0.044880,185220.088709,375662.138308,489554718,50,48,99975,93326529,13707318
68.666667,0.802799,0.151968,0.045129,183885.366109,373051.223716,490067091,52,49,99974,92653176,13783385
68.833333,0.803642,0.150898,0.045379,182591.122741,370362.575412,490581662,36,35,99982,92000234,13859846
69.000000,0.804488,0.149783,0.045629,181242.228969,367362.870906,491097953,54,49,99973,91319741,13936230
69.166667,0.805305,0.148723,0.045882,179958.900072,365235.819964,491597208,48,46,99976,90672311,14013337
69.333334,0.806128,0.147623,0.046133,178628.601141,361880.731693,492099045,54,45,99973,90001192,14090165
69.500000,0.806943,0.146598,0.046384,177387.835246,359592.187615,492597136,40,38,99980,89375230,14166796
69.666667,0.807733,0.145557,0.046635,176128.554099,357442.759408,493079171,36,34,99982,88739933,14243516
69.833333,0.808548,0.144470,0.046888,174813.000754,355220.020916,493576773,42,39,99979,88076253,14320590
70.000000,0.809351,0.143421,0.047141,173543.847649,352666.829858,494067101,42,38,99979,87435978,14398100
70.166667,0.810151,0.142370,0.047394,172271.535218,349995.355968,494555383,40,36,99980,86794108,14475334
70.333333,0.810944,0.141350,0.047649,171038.334477,347684.324215,495039407,32,29,99984,86171966,14553276
70.500000,0.811706,0.140301,0.047905,169768.386086,345351.568275,495504115,48,40,99976,85531299,14631284
70.666667,0.812463,0.139288,0.048161,168542.813931,342834.896412,495966499,46,39,99977,84913009,14709435
70.833333,0.813229,0.138246,0.048418,167281.886655,340001.776100,496433842,48,43,99976,84276885,14788078
71.000000,0.814004,0.137233,0.048674,166056.665951,337936.380048,496907251,42,37,99979,83658770,14866303
71.166667,0.814768,0.136206,0.048933,164812.919305,335760.101845,497373449,38,34,99981,83031310,14945264
71.333333,0.815514,0.135213,0.049190,163611.767854,333489.464703,497828874,36,33,99982,82425340,15023856
71.500000,0.816267,0.134191,0.049446,162374.872648,331064.289282,498288710,52,44,99974,81801348,15102138
71.666667,0.817022,0.133171,0.049702,161141.078929,328990.241159,498749568,46,45,99977,81178908,15180332
71.833334,0.817729,0.132234,0.049962,160006.900370,326400.844319,499181228,42,37,99979,80606724,15259610
72.000000,0.818474,0.131206,0.050222,158763.108311,323567.344256,499636181,50,43,99975,79979248,15339154
72.166667,0.819202,0.130233,0.050482,157585.356731,321297.449437,500080434,48,44,99976,79385083,15418488
72.333334,0.819908,0.129272,0.050741,156422.794749,319184.173555,500511139,46,41,99977,78798581,15497642
72.500000,0.820608,0.128311,0.051000,155260.496701,317134.086323,500938855,42,39,99979,78212211,15576648
72.666667,0.821311,0.127333,0.051262,154076.378596,315146.779778,501367528,38,36,99981,77614833,15656566
72.833333,0.822022,0.126392,0.051524,152938.630395,313155.190620,501801560,32,29,99984,77040847,15736579
73.000000,0.822721,0.125388,0.051786,151722.812222,310849.519357,502228362,46,41,99977,76427487,15816579
73.166667,0.823390,0.124474,0.052049,150617.034625,308703.360595,502636862,42,38,99979,75869631,15896995
73.333334,0.824066,0.123539,0.052312,149485.418928,306274.895408,503049405,52,47,99974,75298748,15977446
73.500001,0.824762,0.122589,0.052575,148336.513047,303932.237844,503474387,32,29,99984,74719125,16057784
73.666667,0.825436,0.121617,0.052840,147159.829749,301820.357177,503885985,44,44,99978,74125507,16138480
73.833334,0.826099,0.120713,0.053104,146066.097982,299900.031497,504290543,40,31,99980,73573728,16219290
74.000000,0.826749,0.119806,0.053370,144968.867029,297837.972546,504687162,40,36,99980,73020186,16300422
74.166667,0.827415,0.118842,0.053634,143802.226760,295685.106297,505093735,44,38,99978,72431630,16381249
74.333333,0.828065,0.117954,0.053900,142728.107481,293821.696183,505490734,36,34,99982,71889743,16462250
74.500000,0.828724,0.117039,0.054165,141620.651438,291565.629463,505893210,42,37,99979,71331046,16543223
74.666667,0.829361,0.116138,0.054431,140530.147294,289692.225088,506282101,34,32,99983,70780893,16624626
74.833334,0.830011,0.115213,0.054698,139411.000236,287785.873702,506678820,40,37,99980,70216298,16706057
75.000000,0.830642,0.114322,0.054964,138332.994942,285490.718753,507063649,38,33,99981,69672454,16787466
75.166667,0.831254,0.113431,0.055232,137255.517993,283622.306974,507437463,42,38,99979,69128880,16869049
75.333333,0.831861,0.112556,0.055500,136196.425772,281366.940446,507807828,34,29,99983,68594574,16951054
75.500000,0.832502,0.111654,0.055769,135105.039903,279749.441290,508199001,50,41,99975,68043990,17033306
75.666667,0.833119,0.110777,0.056038,134043.133559,277669.747485,508575686,38,30,99981,67508262,17115481
75.833334,0.833737,0.109894,0.056306,132975.547912,275769.113631,508953465,28,28,99986,66969670,17197248
76.000000,0.834349,0.109000,0.056575,131893.256377,273405.998418,509326981,44,40,99978,66423674,17279440
76.166667,0.834952,0.108118,0.056847,130825.503623,271202.218392,509694954,38,36,99981,65885000,17362426
76.333334,0.835551,0.107253,0.057117,129779.399254,269459.948672,510060595,40,32,99980,65357252,17444962
76.500000,0.836138,0.106402,0.057387,128749.290762,267532.694625,510418860,32,28,99984,64837568,17527479
76.666667,0.836727,0.105541,0.057658,127707.348712,265372.363914,510778337,36,31,99982,64311921,17610234
76.833333,0.837291,0.104707,0.057929,126698.086893,263362.178958,511122703,42,39,99979,63802762,17692931
77.000000,0.837868,0.103858,0.058200,125670.853370,261296.567692,511474759,42,35,99979,63284533,17775849
77.166668,0.838441,0.103024,0.058472,124662.184954,259417.529874,511824917,30,26,99985,62775663,17858843
77.333334,0.839001,0.102180,0.058742,123641.307443,256869.539560,512166417,36,32,99982,62260644,17941389
77.500000,0.839559,0.101343,0.059014,122628.417118,254913.518406,512506927,36,30,99982,61749651,18024304
77.666667,0.840113,0.100537,0.059286,121652.234376,253197.331250,512845346,28,22,99986,61257172,18107242
77.833333,0.840686,0.099689,0.059559,120626.737738,251242.748064,513195077,38,32,99981,60739825,18190667
78.000000,0.841227,0.098873,0.059831,119638.749013,249353.307288,513525277,30,28,99985,60241390,18273917
78.166667,0.841760,0.098063,0.060106,118659.774130,247468.657821,513851078,30,25,99985,59747507,18357826
78.333334,0.842307,0.097247,0.060380,117672.014438,245493.308989,514185018,28,25,99986,59249191,18441392
78.500000,0.842835,0.096440,0.060655,116694.823111,243804.569113,514506793,44,36,99978,58756217,18525410
78.666668,0.843354,0.095642,0.060929,115729.714620,241409.698923,514823877,38,30,99981,58269326,18609167
78.833334,0.843874,0.094851,0.061204,114772.190026,239434.803380,515141200,32,30,99984,57786261,18693118
79.000000,0.844367,0.094081,0.061481,113840.416370,237277.717758,515442287,38,31,99981,57316194,18777695
79.166668,0.844885,0.093298,0.061758,112893.221622,235557.893217,515758413,28,25,99986,56838338,18862301
79.333334,0.845403,0.092484,0.062034,111907.907540,233642.523676,516074913,42,37,99979,56341265,18946564
79.500000,0.845889,0.091737,0.062308,111004.279866,231785.606769,516371279,30,25,99985,55885387,19030394
79.666667,0.846400,0.090944,0.062585,110045.036582,230214.113826,516683286,38,32,99981,55401463,19115006
79.833334,0.846879,0.090194,0.062862,109138.044212,228256.571271,516975490,32,24,99984,54943891,19199637
80.000000,0.847336,0.089459,0.063141,108247.748993,226320.043537,517254390,32,28,99984,54494746,19284673
80.166667,0.847808,0.088704,0.063417,107334.416345,224602.861790,517542928,34,31,99983,54033980,19369004
80.333334,0.848293,0.087948,0.063693,106420.035715,223265.961328,517838569,32,27,99984,53572683,19453381
80.500000,0.848743,0.087230,0.063971,105551.018333,221255.949235,518113819,26,21,99987,53134269,19538410
80.666667,0.849209,0.086480,0.064250,104643.407995,219439.163779,518397860,30,25,99985,52676391,19623504
80.833334,0.849676,0.085732,0.064529,103738.654609,217689.233441,518683228,30,25,99985,52219952,19708631
81.000000,0.850118,0.085011,0.064808,102866.229525,215862.699896,518953091,26,20,99987,51779820,19793796
81.166667,0.850566,0.084285,0.065087,101987.770022,214253.442041,519226652,26,19,99987,51336646,19879275
81.333333,0.851000,0.083556,0.065369,101105.263044,212517.379444,519491335,38,33,99981,50891437,19965283
81.500001,0.851442,0.082851,0.065649,100251.999409,210923.156893,519760872,24,21,99988,50460966,20050782
81.666667,0.851877,0.082125,0.065929,99373.578046,209071.322694,520026896,34,28,99983,50017817,20136407
81.833333,0.852315,0.081405,0.066209,98503.027699,207716.824520,520294072,46,38,99977,49578640,20221874
82.000000,0.852759,0.080686,0.066490,97632.296439,205876.771377,520565332,22,20,99989,49139351,20307592
82.166667,0.853177,0.079981,0.066771,96779.198460,204218.404715,520820167,40,30,99980,48708982,20393481
82.333333,0.853584,0.079302,0.067054,95957.219286,202604.647555,521068890,30,24,99985,48294296,20479792
82.500001,0.853982,0.078613,0.067334,95123.726769,201123.312518,521311716,38,35,99981,47873812,20565534
82.666667,0.854392,0.077927,0.067618,94293.655175,199586.259349,521562178,22,20,99989,47455040,20652117
82.833333,0.854796,0.077232,0.067899,93452.681234,197916.561796,521808412,34,29,99983,47030784,20737913
83.000001,0.855173,0.076559,0.068182,92639.170373,196338.797122,522038565,48,41,99976,46620384,20824539
83.166667,0.855557,0.075905,0.068465,91847.704406,194763.494638,522273426,30,25,99985,46221087,20911015
83.333333,0.855935,0.075247,0.068748,91051.267738,193158.519158,522503894,34,31,99983,45819295,20997442
83.500001,0.856303,0.074603,0.069032,90271.880697,191638.702321,522728291,20,14,99990,45426094,21083916
83.666667,0.856682,0.073938,0.069315,89467.390226,190127.132827,522960060,38,29,99981,45020247,21170546
83.833333,0.857080,0.073256,0.069600,88641.774795,188485.961405,523203145,34,25,99983,44603730,21257406
84.000000,0.857454,0.072593,0.069884,87840.282437,186924.093475,523431342,32,28,99984,44199384,21344287
84.166667,0.857835,0.071929,0.070168,87035.881590,185301.253668,523663666,34,26,99983,43793573,21430898
84.333334,0.858196,0.071286,0.070452,86258.762062,183726.048262,523883854,34,24,99983,43401524,21517835
84.500000,0.858567,0.070624,0.070737,85456.939455,182319.395529,524110738,40,31,99980,42997016,21604814
84.666667,0.858923,0.069986,0.071020,84684.594870,180633.288336,524327707,28,23,99986,42607369,21691328
84.833335,0.859255,0.069375,0.071306,83945.351520,179183.638329,524530838,26,22,99987,42234427,21778683
85.000000,0.859593,0.068745,0.071593,83183.901762,177757.193584,524737232,36,28,99982,41850289,21866132
85.166668,0.859930,0.068125,0.071879,82433.610833,176192.791576,524942953,26,18,99987,41471769,21953735
85.333335,0.860259,0.067522,0.072165,81703.413164,174994.722832,525143415,18,9,99991,41103387,22041059
85.500000,0.860566,0.066920,0.072451,80974.714695,173730.183525,525330916,32,27,99984,40735774,22128361
85.666667,0.860863,0.066335,0.072740,80267.714713,172566.683864,525512460,24,18,99988,40379095,22216640
85.833334,0.861199,0.065702,0.073027,79501.058193,170965.327790,525717052,44,33,99978,39992336,22304117
86.000000,0.861528,0.065100,0.073314,78773.557821,169606.977322,525918096,26,16,99987,39625309,22392033
86.166667,0.861834,0.064502,0.073601,78049.071650,168259.601413,526105053,26,24,99987,39259813,22479518
86.333333,0.862130,0.063919,0.073889,77343.764343,166888.250086,526285632,32,24,99984,38903996,22567598
86.500000,0.862423,0.063340,0.074178,76642.817098,165475.636185,526464568,30,22,99985,38550374,22655745
86.666667,0.862737,0.062730,0.074466,75904.810040,163979.158127,526656161,32,23,99984,38178058,22743766
86.833333,0.863030,0.062141,0.074755,75192.259952,162720.886561,526834771,50,33,99975,37818594,22832003
87.000001,0.863306,0.061584,0.075043,74518.122386,161534.761579,527003664,32,24,99984,37478488,22920055
87.166668,0.863571,0.061035,0.075331,73854.501948,160485.332748,527165213,30,22,99985,37143697,23008037
87.333334,0.863839,0.060483,0.075621,73186.062004,159306.575958,527328718,20,14,99990,36806470,23096636
87.500001,0.864092,0.059933,0.075910,72520.986509,158109.084948,527483130,32,24,99984,36470953,23184915
87.666667,0.864359,0.059377,0.076198,71847.947259,156533.561033,527646291,26,23,99987,36131408,23272619
87.833333,0.864603,0.058838,0.076488,71195.465582,155263.522546,527795452,32,25,99984,35802241,23361368
88.000000,0.864851,0.058310,0.076778,70556.620485,154082.297088,527946886,18,17,99991,35479942,23449871
88.166667,0.865104,0.057770,0.077068,69903.608482,152831.884013,528101177,18,12,99991,35150504,23538357
88.333334,0.865348,0.057232,0.077356,69251.938304,151465.975980,528249892,32,21,99984,34821751,23626380
88.500000,0.865588,0.056694,0.077646,68601.891973,150022.020579,528396867,30,28,99985,34493808,23714855
88.666667,0.865835,0.056169,0.077936,67965.861777,148830.062207,528547210,28,19,99986,34172936,23803697
88.833334,0.866069,0.055637,0.078228,67322.593066,147651.822143,528689939,36,24,99982,33848418,23892650
89.000001,0.866318,0.055098,0.078520,66670.313095,146335.851449,528842263,32,18,99984,33519347,23981863
89.166668,0.866528,0.054600,0.078810,66067.737392,145126.911882,528970379,24,18,99988,33215349,24070499
89.333334,0.866759,0.054080,0.079103,65438.501877,143980.142460,529111652,24,17,99988,32897906,24159907
89.500000,0.866958,0.053588,0.079392,64843.576440,142826.153920,529232862,36,30,99982,32597779,24248175
89.666667,0.867171,0.053074,0.079681,64220.700903,141687.125068,529363022,42,34,99979,32283548,24336621
89.833335,0.867351,0.052611,0.079973,63660.729225,140430.157720,529472503,30,20,99985,32001041,24425812
90.000002,0.867526,0.052154,0.080263,63108.274829,139513.456882,529579324,26,14,99987,31722331,24514227
90.166667,0.867726,0.051654,0.080554,62502.918577,138316.491012,529701821,28,20,99986,31416936,24603039
90.333334,0.867926,0.051165,0.080845,61911.280352,137163.645485,529824022,22,15,99989,31118457,24692080
90.500000,0.868116,0.050673,0.081136,61316.178800,135973.811811,529939596,32,29,99984,30818240,24781038
90.666667,0.868305,0.050202,0.081429,60745.617007,134966.118384,530055410,28,21,99986,30530395,24870445
90.833334,0.868468,0.049749,0.081722,60197.423739,133984.917752,530154392,28,18,99986,30253837,24959766
91.000001,0.868625,0.049300,0.082014,59654.397766,132878.439444,530250738,30,23,99985,29979887,25049097
91.166667,0.868788,0.048843,0.082307,59102.023260,131926.873563,530349727,22,16,99989,29701215,25138660
91.333335,0.868961,0.048380,0.082600,58540.808921,131017.875251,530455424,22,14,99989,29418088,25228035
91.500002,0.869109,0.047931,0.082894,57997.645273,130050.616905,530546207,30,22,99985,29144072,25317780
91.666667,0.869271,0.047470,0.083186,57440.417015,128945.377014,530644736,44,31,99978,28862964,25407003
91.833334,0.869423,0.047033,0.083480,56911.177667,127959.962374,530737910,30,20,99985,28595960,25496694
92.000000,0.869573,0.046595,0.083772,56380.915982,126908.689535,530829344,26,16,99987,28328446,25585905
92.166667,0.869721,0.046149,0.084063,55841.484039,125796.143607,530919574,26,18,99987,28056308,25674977
92.333334,0.869854,0.045727,0.084355,55330.951792,124715.498379,531000606,18,16,99991,27798745,25763990
92.500000,0.869999,0.045285,0.084649,54796.223308,123772.241786,531089433,20,17,99990,27528981,25853877
92.666667,0.870132,0.044862,0.084942,54284.569314,122796.908778,531170328,24,14,99988,27270859,25943368
92.833335,0.870276,0.044424,0.085234,53753.814840,121725.446880,531258516,28,18,99986,27003101,26032502
93.000000,0.870406,0.044000,0.085527,53241.439325,120670.025850,531337591,32,21,99984,26744615,26121909
93.166667,0.870515,0.043599,0.085819,52756.395286,119788.639888,531404247,30,16,99985,26499914,26211297
93.333334,0.870626,0.043202,0.086112,52275.146080,118954.225433,531472135,22,14,99989,26257124,26300691
93.500000,0.870761,0.042763,0.086405,51744.544236,117863.786890,531554327,26,17,99987,25989443,26390109
93.666667,0.870879,0.042355,0.086699,51250.726678,117032.586709,531626697,26,18,99987,25740317,26480005
93.833334,0.871000,0.041941,0.086993,50750.245266,116105.150822,531700055,24,19,99988,25487828,26569879
94.000001,0.871100,0.041548,0.087288,50274.039856,115129.031792,531761583,22,16,99989,25247586,26660012
94.166667,0.871210,0.041145,0.087581,49786.566419,114255.714214,531828613,28,17,99986,25001664,26749411
94.333335,0.871318,0.040748,0.087873,49306.801881,113362.778856,531894447,20,10,99990,24759623,26838671
94.500000,0.871421,0.040352,0.088165,48826.649009,112397.637444,531957616,24,17,99988,24517393,26927696
94.666667,0.871517,0.039964,0.088457,48357.782004,111429.816276,532015716,20,12,99990,24280852,27016881
94.833337,0.871599,0.039587,0.088750,47901.451212,110593.272578,532065692,24,16,99988,24050640,27106444
95.000001,0.871679,0.039213,0.089046,47448.871945,109725.700927,532114656,20,11,99990,23822316,27196859
95.166667,0.871771,0.038825,0.089341,46978.903015,108771.003195,532171198,28,16,99986,23585226,27286807
95.333333,0.871849,0.038450,0.089635,46525.859613,107803.373286,532218341,26,16,99987,23356669,27376780
95.500000,0.871931,0.038075,0.089930,46071.328781,106914.594223,532268486,16,9,99992,23127357,27466931
95.666667,0.871996,0.037713,0.090226,45633.527772,106130.491208,532308361,32,19,99984,22906500,27557108
95.833334,0.872053,0.037364,0.090519,45211.390655,105374.141961,532342942,18,11,99991,22693528,27646793
96.000001,0.872108,0.037012,0.090813,44785.492880,104500.314584,532376981,20,13,99990,22478668,27736580
96.166667,0.872172,0.036653,0.091109,44350.897990,103773.643571,532415766,30,17,99985,22259425,27826888
96.333335,0.872230,0.036302,0.091403,43926.530597,102895.232745,532451227,18,9,99991,22045329,27916726
96.500001,0.872280,0.035954,0.091699,43505.371360,102089.627997,532481677,26,17,99987,21832863,28007119
96.666667,0.872334,0.035607,0.091993,43085.324738,101263.165566,532514424,30,16,99985,21620956,28096968
96.833334,0.872379,0.035268,0.092287,42675.616794,100383.527675,532541964,24,15,99988,21414259,28186835
97.000000,0.872417,0.034933,0.092582,42269.624271,99668.470056,532565205,26,19,99987,21209441,28276866
97.166667,0.872464,0.034590,0.092878,41854.847841,98756.930197,532593731,20,17,99990,21000187,28367329
97.333334,0.872512,0.034250,0.093174,41443.492087,97943.704323,532623616,18,12,99991,20792661,28457552
97.500001,0.872552,0.033916,0.093469,41039.004355,97125.724575,532647793,18,9,99991,20588601,28547722
97.666667,0.872567,0.033605,0.093763,40663.141573,96447.916914,532656882,18,10,99991,20398982,28637540
97.833333,0.872599,0.033277,0.094057,40266.197192,95674.052138,532676611,24,15,99988,20198731,28727344
98.000000,0.872613,0.032967,0.094352,39891.471113,94971.798222,532685129,18,10,99991,20009682,28817440
98.166667,0.872644,0.032644,0.094646,39500.670472,94221.746610,532703647,18,8,99991,19812527,28907241
98.333333,0.872666,0.032327,0.094939,39117.145284,93454.423262,532717357,26,17,99987,19619047,28996599
98.500000,0.872667,0.032030,0.095233,38756.817004,92744.991405,532718020,26,14,99987,19437265,29086597
98.666668,0.872668,0.031736,0.095529,38402.012938,92141.640660,532718530,14,9,99993,19258263,29176789
98.833334,0.872669,0.031438,0.095823,38040.522186,91354.746442,532718961,20,13,99990,19075898,29266800
99.000002,0.872676,0.031139,0.096118,37679.061768,90706.966674,532723147,22,8,99989,18893546,29356848
99.166667,0.872686,0.030836,0.096413,37312.660328,89962.391265,532729346,20,8,99990,18708699,29446915
99.333333,0.872672,0.030552,0.096709,36968.429794,89360.832601,532721006,18,8,99991,18535037,29537425
99.500000,0.872679,0.030251,0.097004,36604.369633,88535.422250,532725271,14,8,99993,18351370,29627276
99.666667,0.872652,0.029982,0.097298,36279.690618,87964.391807,532708713,18,11,99991,18187575,29717259
99.833334,0.872620,0.029716,0.097594,35956.874570,87414.775526,532689419,24,19,99988,18024721,29807464
100.000001,0.872599,0.029446,0.097888,35630.613883,86697.191187,532676524,14,7,99993,17860120,29897234
100.166667,0.872577,0.029172,0.098183,35298.610639,86082.921423,532663003,18,11,99991,17692630,29987545
100.333334,0.872562,0.028890,0.098479,34957.836461,85326.813091,532653948,20,11,99990,17520714,30077932
100.500001,0.872547,0.028610,0.098774,34619.026342,84640.584954,532644711,24,14,99988,17349790,30168005
100.666667,0.872518,0.028346,0.099069,34299.617218,84060.460243,532626871,20,9,99990,17188649,30258067
100.833334,0.872475,0.028091,0.099364,33990.918699,83485.894170,532600952,24,14,99988,17032916,30348157
101.000000,0.872447,0.027826,0.099658,33670.472884,82929.822932,532583435,20,12,99990,16871252,30437866
