run_path,config_name,run_id,A_D,A_SR,sse_at_config,sse_monomer_at_config,sse_products_at_config
T_300/run_031,T_300,run_031,526912100000.0,521945400.0,1.001699943098711,0.5012943028579601,0.500405640240751
T_300/run_003,T_300,run_003,459137800000.0,734590300.0,1.0352496675173604,0.51808224070849,0.5171674268088704
T_300/run_009,T_300,run_009,573612300000.0,449391800.0,0.983479134904597,0.49217689243024,0.49130224247435705
T_300/run_028,T_300,run_028,4753946000000.0,2149534.0,0.05337707729223344,0.026679302243999996,0.026697775048233445
T_300/run_022,T_300,run_022,1019499000000.0,5816245.0,0.004323720496000491,0.002155652041000005,0.002168068455000486
T_300/run_010,T_300,run_010,2897982000000.0,35351720.0,0.2571847462065593,0.128735287209,0.12844945899755927
T_300/run_017,T_300,run_017,8443494000000.0,51379470.0,0.39280424230639355,0.19660356,0.1962006823063935
T_300/run_025,T_300,run_025,389049300000.0,5616268.0,0.005603751844661565,0.0027950254240000027,0.002808726420661563
T_300/run_004,T_300,run_004,2777118000000.0,276198300.0,0.9073076953865338,0.45406169328100005,0.4532460021055337
T_300/run_036,T_300,run_036,2276826000000.0,30370680.0,0.20699437603781098,0.103617678609,0.10337669742881099
T_300/run_038,T_300,run_038,966763600000.0,2513948.0,0.04537009835890439,0.022675239889000005,0.02269485846990438
T_300/run_032,T_300,run_032,1170211000000.0,1813350.0,0.06205362474090224,0.031018254400000018,0.03103537034090222
T_300/run_000,T_300,run_000,3641683000000.0,3105161.0,0.033541678177322364,0.016760668369,0.016781009808322363
T_300/run_021,T_300,run_021,130312700000.0,84444720.0,0.5687377317789191,0.284642523361,0.2840952084179191
T_300/run_013,T_300,run_013,4233153000000.0,13234720.0,0.027504403392313595,0.013780412099999998,0.013723991292313598
T_300/run_019,T_300,run_019,7738460000000.0,8409379.0,0.0008112329519257658,0.00040917198400000095,0.00040206096792576486
T_300/run_014,T_300,run_014,3485664000000.0,315334400.0,0.9312061918383199,0.46602017005489,0.4651860217834299
T_300/run_026,T_300,run_026,725527300000.0,112237000.0,0.6737278948017801,0.337179971584,0.3365479232177801
T_300/run_007,T_300,run_007,1506015000000.0,241522200.0,0.8809746850270808,0.44088511046724005,0.4400895745598407
T_300/run_035,T_300,run_035,346155100000.0,1107542.0,0.08285247350147618,0.041419983361,0.04143249014047617
T_300/run_005,T_300,run_005,1911878000000.0,127494800.0,0.714494913972862,0.35758008039999994,0.356914833572862
T_300/run_037,T_300,run_037,885288600000.0,4507090.0,0.014361820399403032,0.007171718596000007,0.007190101803403026
T_300/run_016,T_300,run_016,171280800000.0,14866730.0,0.03996215203451401,0.020017439289000006,0.019944712745514005
T_300/run_024,T_300,run_024,1305796000000.0,61591190.0,0.4603620045720058,0.23041056012100003,0.22995144445100577
T_300/run_023,T_300,run_023,6770583000000.0,42498680.0,0.3220774230283113,0.1612102801,0.1608671429283113
T_300/run_029,T_300,run_029,1749888000000.0,18467590.0,0.07855878197472785,0.03933756556899999,0.03922121640572785
T_300/run_011,T_300,run_011,141731100000.0,64271130.0,0.4686638582153606,0.234564893761,0.23409896445436057
T_300/run_030,T_300,run_030,413599400000.0,1302170.0,0.07684507163644166,0.038415608001000016,0.03842946363544165
T_300/run_008,T_300,run_008,264405700000.0,700186500.0,1.0305574294860271,0.51573453909156,0.5148228903944673
T_300/run_002,T_300,run_002,248479800000.0,3363786.0,0.03000008595004873,0.014989839489000003,0.015010246461048725
T_300/run_006,T_300,run_006,185270700000.0,365841400.0,0.952749077058332,0.476799917049,0.47594916000933196
T_300/run_034,T_300,run_034,111804500000.0,195995500.0,0.8267514045364175,0.41375255169600006,0.41299885284041743
T_300/run_015,T_300,run_015,5161333000000.0,846129400.0,1.0469292419185838,0.5239262497562499,0.5230029921623338
T_300/run_027,T_300,run_027,5817572000000.0,19563440.0,0.09066327420155625,0.04539626809600001,0.045267006105556236
T_300/run_020,T_300,run_020,300706200000.0,1453949.0,0.07246900054111169,0.036227031556,0.03624196898511169
T_300/run_018,T_300,run_018,697435300000.0,7316816.0,0.00010263631182144338,5.0183055999999706e-05,5.2453255821443674e-05
T_300/run_012,T_300,run_012,9142834000000.0,25727770.0,0.15737765059798042,0.078786314721,0.0785913358769804
T_300/run_033,T_300,run_033,2099131000000.0,168734400.0,0.7963000629851751,0.39851443839999995,0.39778562458517513
T_300/run_039,T_300,run_039,118072400000.0,9799584.0,0.004132496365004798,0.002075075808999996,0.002057420556004802
T_300/run_001,T_300,run_001,202801000000.0,93906880.0,0.6100780834818862,0.305329184356,0.30474889912588615
T_250/run_021,T_250,run_021,130312700000.0,84444720.0,0.40570147409856244,0.20344815031699992,0.20225332378156252
T_250/run_013,T_250,run_013,4233153000000.0,13234720.0,0.25955533236958583,0.129771915178,0.12978341719158584
T_250/run_019,T_250,run_019,7738460000000.0,8409379.0,0.27343549934561917,0.13671310251700003,0.13672239682861914
T_250/run_038,T_250,run_038,966763600000.0,2513948.0,0.2790768016377285,0.13953705602499997,0.13953974561272853
T_250/run_032,T_250,run_032,1170211000000.0,1813350.0,0.28680387061529855,0.14340108913300004,0.14340278148229849
T_250/run_000,T_250,run_000,3641683000000.0,3105161.0,0.2911779260249958,0.14558714785599997,0.14559077816899585
T_250/run_007,T_250,run_007,1506015000000.0,241522200.0,0.4542728021971908,0.22727787237199995,0.22699492982519084
T_250/run_035,T_250,run_035,346155100000.0,1107542.0,0.0552602084296782,0.027586570524999993,0.027673637904678205
T_250/run_014,T_250,run_014,3485664000000.0,315334400.0,0.6090424357492505,0.304738466152,0.3043039695972505
T_250/run_026,T_250,run_026,725527300000.0,112237000.0,0.24401818642971246,0.12203800058900002,0.12198018584071244
T_250/run_028,T_250,run_028,4753946000000.0,2149534.0,0.295281373845349,0.14763919473000006,0.14764217911534894
T_250/run_022,T_250,run_022,1019499000000.0,5816245.0,0.2720843553187493,0.13603959553599998,0.1360447597827493
T_250/run_010,T_250,run_010,2897982000000.0,35351720.0,0.22221090863972326,0.111100249313,0.11111065932672327
T_250/run_031,T_250,run_031,526912100000.0,521945400.0,0.7020031354930688,0.3512468084449999,0.3507563270480689
T_250/run_003,T_250,run_003,459137800000.0,734590300.0,0.8546448722177502,0.4276366005159999,0.4270082717017504
T_250/run_009,T_250,run_009,573612300000.0,449391800.0,0.6426554420544983,0.321546847201,0.32110859485349835
T_250/run_004,T_250,run_004,2777118000000.0,276198300.0,0.5343473408657514,0.26735588580999997,0.26699145505575145
T_250/run_036,T_250,run_036,2276826000000.0,30370680.0,0.2286910775356138,0.11433966260900001,0.1143514149266138
T_250/run_017,T_250,run_017,8443494000000.0,51379470.0,0.21032640650041162,0.10516389137,0.10516251513041161
T_250/run_025,T_250,run_025,389049300000.0,5616268.0,0.09144329324506444,0.045687214745000024,0.04575607850006441
T_250/run_015,T_250,run_015,5161333000000.0,846129400.0,1.2827406622896191,0.641876685889,0.6408639764006191
T_250/run_027,T_250,run_027,5817572000000.0,19563440.0,0.2439682001358177,0.121976974522,0.12199122561381769
T_250/run_006,T_250,run_006,185270700000.0,365841400.0,0.4480827783746899,0.22439896777299992,0.22368381060169
T_250/run_034,T_250,run_034,111804500000.0,195995500.0,0.6446425000485,0.323158867616,0.3214836324325
T_250/run_033,T_250,run_033,2099131000000.0,168734400.0,0.3405219633565437,0.17034852810099999,0.17017343525554374
T_250/run_039,T_250,run_039,118072400000.0,9799584.0,0.416803675336433,0.209033543025,0.207770132311433
T_250/run_001,T_250,run_001,202801000000.0,93906880.0,0.12098432148155999,0.06062597689,0.06035834459155999
T_250/run_020,T_250,run_020,300706200000.0,1453949.0,0.02039145468383593,0.01015213622400001,0.010239318459835918
T_250/run_018,T_250,run_018,697435300000.0,7316816.0,0.2465714505949069,0.123282528218,0.1232889223769069
T_250/run_012,T_250,run_012,9142834000000.0,25727770.0,0.23167146041393763,0.115828498306,0.11584296210793762
T_250/run_016,T_250,run_016,171280800000.0,14866730.0,0.12428637552649606,0.06233239591199999,0.06195397961449607
T_250/run_024,T_250,run_024,1305796000000.0,61591190.0,0.2178205915830389,0.10891479725200001,0.10890579433103889
T_250/run_005,T_250,run_005,1911878000000.0,127494800.0,0.2749609539088418,0.137531538769,0.1374294151398418
T_250/run_037,T_250,run_037,885288600000.0,4507090.0,0.26999677729124394,0.13499604177699998,0.135000735514244
T_250/run_030,T_250,run_030,413599400000.0,1302170.0,0.11849089846086217,0.059220058612000026,0.059270839848862146
T_250/run_008,T_250,run_008,264405700000.0,700186500.0,0.6657564175404901,0.33318194201000007,0.33257447553049
T_250/run_002,T_250,run_002,248479800000.0,3363786.0,0.0030228887038370005,0.0015070643380000002,0.0015158243658370005
T_250/run_023,T_250,run_023,6770583000000.0,42498680.0,0.21403479464743444,0.107014264993,0.10702052965443444
T_250/run_029,T_250,run_029,1749888000000.0,18467590.0,0.24819561758589642,0.12409128795200002,0.12410432963389639
T_250/run_011,T_250,run_011,141731100000.0,64271130.0,0.3101167721957321,0.155480161825,0.15463661037073206
T_250_high_rho/run_011,T_250_high_rho,run_011,141731100000.0,64271130.0,0.47926107702223997,0.23997065742400003,0.23929041959823996
T_250_high_rho/run_023,T_250_high_rho,run_023,6770583000000.0,42498680.0,0.15975549809785308,0.07996905294400002,0.07978644515385307
T_250_high_rho/run_029,T_250_high_rho,run_029,1749888000000.0,18467590.0,0.005917275772608105,0.002967961441000006,0.002949314331608099
T_250_high_rho/run_008,T_250_high_rho,run_008,264405700000.0,700186500.0,0.7674466809700001,0.3840789070810001,0.383367773889
T_250_high_rho/run_002,T_250_high_rho,run_002,248479800000.0,3363786.0,0.10330469584120093,0.05171667256900004,0.05158802327220089
T_250_high_rho/run_030,T_250_high_rho,run_030,413599400000.0,1302170.0,0.0004884403083663971,0.0002426117759999976,0.0002458285323663995
T_250_high_rho/run_037,T_250_high_rho,run_037,885288600000.0,4507090.0,0.037172502084239986,0.01858068872099999,0.01859181336324
T_250_high_rho/run_005,T_250_high_rho,run_005,1911878000000.0,127494800.0,0.4984498608915026,0.24945629593600002,0.2489935649555026
T_250_high_rho/run_024,T_250_high_rho,run_024,1305796000000.0,61591190.0,0.19021943735183244,0.09521359348900002,0.09500584386283241
T_250_high_rho/run_016,T_250_high_rho,run_016,171280800000.0,14866730.0,0.3042920639280401,0.15237546460900006,0.15191659931904003
T_250_high_rho/run_018,T_250_high_rho,run_018,697435300000.0,7316816.0,0.02010654296999999,0.010047857120999993,0.010058685848999998
T_250_high_rho/run_012,T_250_high_rho,run_012,9142834000000.0,25727770.0,0.053772519182200114,0.026926512649000013,0.0268460065332001
T_250_high_rho/run_020,T_250_high_rho,run_020,300706200000.0,1453949.0,0.035736928231534404,0.017894145361000008,0.017842782870534396
T_250_high_rho/run_001,T_250_high_rho,run_001,202801000000.0,93906880.0,0.3827890069490001,0.19161893404900004,0.19117007290000002
T_250_high_rho/run_033,T_250_high_rho,run_033,2099131000000.0,168734400.0,0.6205270680695205,0.310543165696,0.3099839023735205
T_250_high_rho/run_039,T_250_high_rho,run_039,118072400000.0,9799584.0,0.48736584734585764,0.24403106002500002,0.24333478732085762
T_250_high_rho/run_034,T_250_high_rho,run_034,111804500000.0,195995500.0,0.69599458479776,0.348498954244,0.34749563055376
T_250_high_rho/run_006,T_250_high_rho,run_006,185270700000.0,365841400.0,0.680002109554,0.340387064329,0.33961504522499997
T_250_high_rho/run_027,T_250_high_rho,run_027,5817572000000.0,19563440.0,0.019210509541490013,0.009624983449000011,0.009585526092490002
T_250_high_rho/run_015,T_250_high_rho,run_015,5161333000000.0,846129400.0,1.0860399192782089,0.54347681479744,0.5425631044807688
T_250_high_rho/run_025,T_250_high_rho,run_025,389049300000.0,5616268.0,0.002870275045690003,0.001440202500000003,0.0014300725456899998
T_250_high_rho/run_017,T_250_high_rho,run_017,8443494000000.0,51379470.0,0.22152546337520782,0.11088100814400004,0.11064445523120778
T_250_high_rho/run_036,T_250_high_rho,run_036,2276826000000.0,30370680.0,0.05968170475240013,0.02988403690000003,0.029797667852400105
T_250_high_rho/run_004,T_250_high_rho,run_004,2777118000000.0,276198300.0,0.81506101213124,0.4078853182810001,0.40717569385024
T_250_high_rho/run_003,T_250_high_rho,run_003,459137800000.0,734590300.0,0.757183380616,0.37889687811600004,0.37828650249999995
T_250_high_rho/run_009,T_250_high_rho,run_009,573612300000.0,449391800.0,0.6644587105094901,0.3325148428810001,0.3319438676284901
T_250_high_rho/run_031,T_250_high_rho,run_031,526912100000.0,521945400.0,0.68823290707669,0.34439879102500004,0.34383411605169
T_250_high_rho/run_010,T_250_high_rho,run_010,2897982000000.0,35351720.0,0.09532967258430095,0.047726082369000035,0.04760359021530092
T_250_high_rho/run_028,T_250_high_rho,run_028,4753946000000.0,2149534.0,0.053184824348560006,0.026587585249,0.02659723909956
T_250_high_rho/run_022,T_250_high_rho,run_022,1019499000000.0,5816245.0,0.027703547295632083,0.013845287555999985,0.013858259739632098
T_250_high_rho/run_026,T_250_high_rho,run_026,725527300000.0,112237000.0,0.2748095421294101,0.13754084822500004,0.13726869390441004
T_250_high_rho/run_014,T_250_high_rho,run_014,3485664000000.0,315334400.0,0.8669245419480882,0.433836947569,0.43308759437908817
T_250_high_rho/run_035,T_250_high_rho,run_035,346155100000.0,1107542.0,0.00886611392757761,0.004447289344000011,0.004418824583577599
T_250_high_rho/run_007,T_250_high_rho,run_007,1506015000000.0,241522200.0,0.7151507444982401,0.3578910976,0.3572596468982402
T_250_high_rho/run_000,T_250_high_rho,run_000,3641683000000.0,3105161.0,0.04220250778522809,0.021095238563999995,0.0211072692212281
T_250_high_rho/run_038,T_250_high_rho,run_038,966763600000.0,2513948.0,0.05354344435088889,0.02676757766399999,0.0267758666868889
T_250_high_rho/run_032,T_250_high_rho,run_032,1170211000000.0,1813350.0,0.06088430766855997,0.030438734088999976,0.030445573579559997
T_250_high_rho/run_013,T_250_high_rho,run_013,4233153000000.0,13234720.0,0.0005508706710656028,0.0002778889000000025,0.00027298177106560025
T_250_high_rho/run_019,T_250_high_rho,run_019,7738460000000.0,8409379.0,0.004416309922393674,0.002203175843999993,0.0022131340783936807
T_250_high_rho/run_021,T_250_high_rho,run_021,130312700000.0,84444720.0,0.5429604896506401,0.2717443066810001,0.27121618296964
