run_id,n_configs,configs_found,A_D,A_SR,total_sse,sse_monomer,sse_products,sse_T_300,sse_T_250,sse_T_250_high_rho
run_025,3,"T_300, T_250, T_250_high_rho",389049300000.0,5616268.0,0.099917320135416,0.049922442669000026,0.049994877466415975,0.005603751844661565,0.09144329324506444,0.002870275045690003
run_020,3,"T_300, T_250, T_250_high_rho",300706200000.0,1453949.0,0.12859738345648203,0.06427331314100002,0.06432407031548201,0.07246900054111169,0.02039145468383593,0.035736928231534404
run_002,3,"T_300, T_250, T_250_high_rho",248479800000.0,3363786.0,0.13632767049508665,0.06821357639600004,0.06811409409908661,0.03000008595004873,0.0030228887038370005,0.10330469584120093
run_035,3,"T_300, T_250, T_250_high_rho",346155100000.0,1107542.0,0.146978795858732,0.07345384323000001,0.07352495262873197,0.08285247350147618,0.0552602084296782,0.00886611392757761
run_030,3,"T_300, T_250, T_250_high_rho",413599400000.0,1302170.0,0.19582441040567022,0.09787827838900005,0.0979461320166702,0.07684507163644166,0.11849089846086217,0.0004884403083663971
run_018,3,"T_300, T_250, T_250_high_rho",697435300000.0,7316816.0,0.26678062987672835,0.13338056839499998,0.13340006148172834,0.00010263631182144338,0.2465714505949069,0.02010654296999999
run_019,3,"T_300, T_250, T_250_high_rho",7738460000000.0,8409379.0,0.2786630422199386,0.13932545034500002,0.1393375918749386,0.0008112329519257658,0.27343549934561917,0.004416309922393674
run_013,3,"T_300, T_250, T_250_high_rho",4233153000000.0,13234720.0,0.28761060643296504,0.143830216178,0.14378039025496506,0.027504403392313595,0.25955533236958583,0.0005508706710656028
run_022,3,"T_300, T_250, T_250_high_rho",1019499000000.0,5816245.0,0.30411162311038187,0.15204053513299998,0.15207108797738186,0.004323720496000491,0.2720843553187493,0.027703547295632083
run_037,3,"T_300, T_250, T_250_high_rho",885288600000.0,4507090.0,0.321531099774887,0.160748449094,0.160782650680887,0.014361820399403032,0.26999677729124394,0.037172502084239986
run_029,3,"T_300, T_250, T_250_high_rho",1749888000000.0,18467590.0,0.33267167533323233,0.166396814962,0.16627486037123235,0.07855878197472785,0.24819561758589642,0.005917275772608105
run_027,3,"T_300, T_250, T_250_high_rho",5817572000000.0,19563440.0,0.35384198387886395,0.17699822606700003,0.17684375781186393,0.09066327420155625,0.2439682001358177,0.019210509541490013
run_000,3,"T_300, T_250, T_250_high_rho",3641683000000.0,3105161.0,0.36692211198754626,0.18344305478899997,0.18347905719854632,0.033541678177322364,0.2911779260249958,0.04220250778522809
run_038,3,"T_300, T_250, T_250_high_rho",966763600000.0,2513948.0,0.37799034434752177,0.18897987357799995,0.1890104707695218,0.04537009835890439,0.2790768016377285,0.05354344435088889
run_028,3,"T_300, T_250, T_250_high_rho",4753946000000.0,2149534.0,0.4018432754861425,0.20090608222300008,0.20093719326314238,0.05337707729223344,0.295281373845349,0.053184824348560006
run_032,3,"T_300, T_250, T_250_high_rho",1170211000000.0,1813350.0,0.40974180302476076,0.20485807762200003,0.2048837254027607,0.06205362474090224,0.28680387061529855,0.06088430766855997
run_012,3,"T_300, T_250, T_250_high_rho",9142834000000.0,25727770.0,0.4428216301941182,0.22154132567600002,0.22128030451811811,0.15737765059798042,0.23167146041393763,0.053772519182200114
run_016,3,"T_300, T_250, T_250_high_rho",171280800000.0,14866730.0,0.46854059148905014,0.23472529981000007,0.2338152916790501,0.03996215203451401,0.12428637552649606,0.3042920639280401
run_036,3,"T_300, T_250, T_250_high_rho",2276826000000.0,30370680.0,0.49536715832582495,0.24784137811800003,0.24752578020782487,0.20699437603781098,0.2286910775356138,0.05968170475240013
run_010,3,"T_300, T_250, T_250_high_rho",2897982000000.0,35351720.0,0.5747253274305835,0.287561618891,0.28716370853958345,0.2571847462065593,0.22221090863972326,0.09532967258430095
run_023,3,"T_300, T_250, T_250_high_rho",6770583000000.0,42498680.0,0.6958677157735988,0.348193598037,0.34767411773659884,0.3220774230283113,0.21403479464743444,0.15975549809785308
run_017,3,"T_300, T_250, T_250_high_rho",8443494000000.0,51379470.0,0.824656112182013,0.41264845951400003,0.41200765266801287,0.39280424230639355,0.21032640650041162,0.22152546337520782
run_024,3,"T_300, T_250, T_250_high_rho",1305796000000.0,61591190.0,0.8684020335068772,0.4345389508620001,0.43386308264487705,0.4603620045720058,0.2178205915830389,0.19021943735183244
run_039,3,"T_300, T_250, T_250_high_rho",118072400000.0,9799584.0,0.9083020190472955,0.455139678859,0.4531623401882954,0.004132496365004798,0.416803675336433,0.48736584734585764
run_001,3,"T_300, T_250, T_250_high_rho",202801000000.0,93906880.0,1.1138514119124463,0.557574095295,0.5562773166174462,0.6100780834818862,0.12098432148155999,0.3827890069490001
run_026,3,"T_300, T_250, T_250_high_rho",725527300000.0,112237000.0,1.1925556233609027,0.596758820398,0.5957968029629026,0.6737278948017801,0.24401818642971246,0.2748095421294101
run_011,3,"T_300, T_250, T_250_high_rho",141731100000.0,64271130.0,1.2580417074333328,0.63001571301,0.6280259944233326,0.4686638582153606,0.3101167721957321,0.47926107702223997
run_005,3,"T_300, T_250, T_250_high_rho",1911878000000.0,127494800.0,1.4879057287732065,0.744567915105,0.7433378136682064,0.714494913972862,0.2749609539088418,0.4984498608915026
run_021,3,"T_300, T_250, T_250_high_rho",130312700000.0,84444720.0,1.5173996955281217,0.759834980359,0.7575647151691216,0.5687377317789191,0.40570147409856244,0.5429604896506401
run_033,3,"T_300, T_250, T_250_high_rho",2099131000000.0,168734400.0,1.7573490944112393,0.8794061321969999,0.8779429622142394,0.7963000629851751,0.3405219633565437,0.6205270680695205
run_007,3,"T_300, T_250, T_250_high_rho",1506015000000.0,241522200.0,2.050398231722512,1.02605408043924,1.0243441512832718,0.8809746850270808,0.4542728021971908,0.7151507444982401
run_006,3,"T_300, T_250, T_250_high_rho",185270700000.0,365841400.0,2.080833964987022,1.041585949151,1.039248015836022,0.952749077058332,0.4480827783746899,0.680002109554
run_034,3,"T_300, T_250, T_250_high_rho",111804500000.0,195995500.0,2.1673884893826774,1.0854103735560001,1.0819781158266775,0.8267514045364175,0.6446425000485,0.69599458479776
run_004,3,"T_300, T_250, T_250_high_rho",2777118000000.0,276198300.0,2.256716048383525,1.129302897372,1.127413151011525,0.9073076953865338,0.5343473408657514,0.81506101213124
run_009,3,"T_300, T_250, T_250_high_rho",573612300000.0,449391800.0,2.2905932874685853,1.14623858251224,1.1443547049563454,0.983479134904597,0.6426554420544983,0.6644587105094901
run_031,3,"T_300, T_250, T_250_high_rho",526912100000.0,521945400.0,2.3919359856684697,1.1969399023279599,1.1949960833405098,1.001699943098711,0.7020031354930688,0.68823290707669
run_014,3,"T_300, T_250, T_250_high_rho",3485664000000.0,315334400.0,2.4071731695356586,1.20459558377589,1.2025775857597685,0.9312061918383199,0.6090424357492505,0.8669245419480882
run_008,3,"T_300, T_250, T_250_high_rho",264405700000.0,700186500.0,2.4637605279965173,1.2329953881825602,1.2307651398139572,1.0305574294860271,0.6657564175404901,0.7674466809700001
run_003,3,"T_300, T_250, T_250_high_rho",459137800000.0,734590300.0,2.6470779203511103,1.32461571934049,1.3224622010106208,1.0352496675173604,0.8546448722177502,0.757183380616
run_015,3,"T_300, T_250, T_250_high_rho",5161333000000.0,846129400.0,3.415709823486412,1.70927975044269,1.7064300730437219,1.0469292419185838,1.2827406622896191,1.0860399192782089
